Gender,Community,FamilyIncome,12thMarks,FirstGraduate,District,CollegeType,Course,Eligibility
Male,ST,142000,65.5,Yes,Tirunelveli,Government,Arts & Science,Eligible
Male,ST,225000,68.2,No,Erode,Private,Engineering,Eligible
Male,OC,256000,72.6,Yes,Tiruchirappalli,Government Aided,Engineering,Not Eligible
Male,BC,138000,60.9,Yes,Tirunelveli,Government Aided,Engineering,Eligible
Female,MBC,115000,66.3,Yes,Tirunelveli,Government,Engineering,Eligible
Female,SC,149000,68.6,Yes,Coimbatore,Government Aided,Commerce,Eligible
Male,MBC,196000,65.4,Yes,Erode,Government,Commerce,Eligible
Male,OC,59000,59.7,Yes,Kanchipuram,Government Aided,Commerce,Not Eligible
Male,MBC,456000,81.3,Yes,Thanjavur,Government Aided,Engineering,Not Eligible
Female,MBC,226000,99.0,No,Tiruchirappalli,Private,Medical,Not Eligible
Female,BC,117000,83.6,No,Tirunelveli,Private,Engineering,Eligible
Male,BC,190000,71.5,No,Salem,Private,Arts & Science,Not Eligible
Male,BC,311000,61.2,No,Salem,Government,Medical,Not Eligible
Male,BC,280000,69.0,No,Salem,Government,Arts & Science,Not Eligible
Male,MBC,196000,79.2,Yes,Salem,Private,Commerce,Not Eligible
Female,SC,254000,65.9,No,Tiruchirappalli,Private,Arts & Science,Not Eligible
Male,BC,317000,65.4,Yes,Chennai,Private,Engineering,Not Eligible
Male,SC,162000,48.0,No,Tirunelveli,Government Aided,Arts & Science,Not Eligible
Female,MBC,149000,60.9,Yes,Madurai,Government Aided,Engineering,Eligible
Female,MBC,114000,79.2,No,Tiruchirappalli,Government,Arts & Science,Eligible
Male,SC,193000,81.9,Yes,Tiruchirappalli,Government Aided,Arts & Science,Eligible
Female,BC,278000,75.9,Yes,Chennai,Government Aided,Engineering,Not Eligible
Male,SC,77000,73.3,Yes,Madurai,Government Aided,Engineering,Eligible
Female,BC,151000,87.5,No,Tirunelveli,Government Aided,Medical,Eligible
Male,MBC,224000,87.6,No,Chennai,Private,Commerce,Not Eligible
Female,MBC,79000,99.0,No,Thanjavur,Government,Medical,Eligible
Male,SC,111000,73.9,No,Coimbatore,Government,Management,Eligible
Male,MBC,146000,93.2,Yes,Erode,Government,Engineering,Eligible
Female,MBC,198000,50.4,Yes,Coimbatore,Government Aided,Engineering,Not Eligible
Male,BC,106000,72.4,No,Erode,Private,Engineering,Eligible
Male,BC,308000,81.5,No,Thanjavur,Private,Engineering,Not Eligible
Male,SC,102000,80.6,No,Madurai,Government Aided,Commerce,Eligible
Female,SC,229000,82.6,No,Salem,Government Aided,Commerce,Eligible
Female,MBC,74000,73.5,No,Vellore,Private,Engineering,Eligible
Male,BC,118000,64.3,No,Salem,Private,Engineering,Eligible
Female,MBC,183000,67.5,Yes,Vellore,Private,Engineering,Eligible
Female,MBC,76000,74.1,Yes,Kanchipuram,Government,Engineering,Eligible
Female,MBC,69000,66.1,Yes,Erode,Government Aided,Arts & Science,Eligible
Female,MBC,498000,91.2,No,Coimbatore,Government Aided,Management,Not Eligible
Female,BC,180000,59.2,No,Thanjavur,Government Aided,Commerce,Eligible
Female,BC,171000,90.9,Yes,Kanchipuram,Private,Arts & Science,Eligible
Female,OC,159000,98.5,Yes,Madurai,Private,Engineering,Not Eligible
Female,BC,204000,80.0,No,Tirunelveli,Government,Engineering,Not Eligible
Male,BC,212000,57.1,No,Salem,Government Aided,Arts & Science,Eligible
Male,ST,213000,70.2,Yes,Erode,Private,Engineering,Eligible
Female,BC,147000,67.2,Yes,Thanjavur,Government,Engineering,Eligible
Male,SC,129000,75.3,Yes,Madurai,Government,Engineering,Eligible
Female,MBC,145000,48.4,No,Tiruchirappalli,Government,Engineering,Not Eligible
Female,BC,70000,62.5,Yes,Erode,Government Aided,Commerce,Eligible
Female,MBC,90000,96.7,No,Madurai,Government,Arts & Science,Eligible
Female,ST,319000,81.6,Yes,Thanjavur,Government,Engineering,Not Eligible
Female,SC,102000,71.6,No,Erode,Government,Commerce,Not Eligible
Female,BC,355000,60.6,No,Salem,Government,Engineering,Not Eligible
Female,SC,148000,78.9,Yes,Erode,Government,Engineering,Eligible
Female,BC,100000,85.2,No,Salem,Government Aided,Engineering,Eligible
Female,MBC,101000,75.7,Yes,Salem,Private,Engineering,Eligible
Female,SC,111000,62.0,Yes,Coimbatore,Government,Engineering,Eligible
Male,MBC,105000,86.6,No,Kanchipuram,Government Aided,Engineering,Eligible
Male,MBC,159000,76.3,Yes,Tirunelveli,Government Aided,Engineering,Eligible
Female,ST,163000,67.5,No,Salem,Government Aided,Arts & Science,Eligible
Male,SC,71000,70.3,Yes,Vellore,Private,Commerce,Eligible
Female,SC,230000,71.2,Yes,Tiruchirappalli,Government Aided,Arts & Science,Eligible
Male,MBC,117000,64.1,No,Tiruchirappalli,Government Aided,Engineering,Eligible
Male,BC,106000,95.4,No,Erode,Private,Engineering,Eligible
Male,SC,173000,67.4,Yes,Salem,Government,Medical,Eligible
Male,SC,212000,75.2,Yes,Erode,Government,Engineering,Eligible
Male,BC,385000,68.4,No,Erode,Government Aided,Arts & Science,Not Eligible
Female,BC,134000,87.8,No,Vellore,Government Aided,Engineering,Eligible
Female,SC,135000,99.0,Yes,Tiruchirappalli,Private,Engineering,Eligible
Female,SC,85000,62.7,No,Coimbatore,Government,Arts & Science,Eligible
Female,BC,107000,81.0,No,Tiruchirappalli,Government,Commerce,Eligible
Male,BC,125000,70.2,No,Tirunelveli,Government,Commerce,Eligible
Female,SC,214000,71.2,No,Vellore,Private,Engineering,Eligible
Male,MBC,190000,62.7,No,Thanjavur,Private,Engineering,Not Eligible
Female,BC,151000,73.7,No,Chennai,Government,Commerce,Eligible
Male,SC,304000,84.2,No,Thanjavur,Government,Commerce,Not Eligible
Female,BC,134000,54.6,No,Tirunelveli,Government Aided,Arts & Science,Not Eligible
Male,BC,110000,54.8,No,Salem,Government Aided,Commerce,Not Eligible
Female,BC,203000,66.1,Yes,Madurai,Private,Arts & Science,Not Eligible
Male,MBC,173000,93.0,No,Thanjavur,Government,Engineering,Eligible
Female,BC,187000,73.1,No,Tiruchirappalli,Government Aided,Engineering,Not Eligible
Female,MBC,129000,84.1,Yes,Erode,Government,Engineering,Eligible
Female,SC,114000,55.3,Yes,Tirunelveli,Private,Engineering,Eligible
Male,SC,94000,94.0,Yes,Salem,Government Aided,Arts & Science,Eligible
Female,MBC,166000,70.7,Yes,Tiruchirappalli,Private,Arts & Science,Eligible
Female,OC,131000,95.6,Yes,Madurai,Government,Engineering,Eligible
Male,MBC,170000,70.3,No,Tiruchirappalli,Government,Engineering,Eligible
Female,OC,58000,61.2,Yes,Vellore,Private,Commerce,Not Eligible
Male,SC,97000,99.0,Yes,Chennai,Government,Arts & Science,Eligible
Male,MBC,325000,71.6,No,Thanjavur,Private,Commerce,Not Eligible
Female,ST,61000,73.8,Yes,Kanchipuram,Government Aided,Arts & Science,Eligible
Male,SC,256000,67.9,Yes,Thanjavur,Private,Management,Not Eligible
Male,SC,58000,60.6,No,Tiruchirappalli,Private,Management,Eligible
Male,MBC,136000,75.6,No,Chennai,Government Aided,Commerce,Eligible
Female,BC,236000,74.5,No,Vellore,Private,Commerce,Not Eligible
Male,OC,96000,51.1,No,Kanchipuram,Private,Arts & Science,Not Eligible
Male,MBC,74000,92.8,No,Coimbatore,Government Aided,Commerce,Eligible
Male,BC,119000,54.5,No,Thanjavur,Government Aided,Arts & Science,Not Eligible
Female,MBC,119000,56.7,No,Coimbatore,Government Aided,Engineering,Eligible
Female,BC,167000,67.7,No,Tirunelveli,Government Aided,Engineering,Eligible
Male,OC,297000,50.3,No,Coimbatore,Government Aided,Arts & Science,Not Eligible
Female,BC,130000,85.7,Yes,Kanchipuram,Government,Arts & Science,Eligible
Female,OC,150000,50.4,No,Erode,Private,Arts & Science,Not Eligible
Male,BC,117000,67.2,No,Madurai,Private,Arts & Science,Eligible
Male,OC,289000,70.4,No,Coimbatore,Private,Engineering,Not Eligible
Female,MBC,164000,67.3,Yes,Salem,Government,Engineering,Eligible
Male,BC,314000,53.8,No,Madurai,Government,Engineering,Not Eligible
Female,ST,128000,97.1,No,Thanjavur,Government Aided,Medical,Eligible
Female,BC,101000,85.2,Yes,Tiruchirappalli,Government,Engineering,Eligible
Male,SC,83000,61.2,Yes,Madurai,Private,Management,Eligible
Female,SC,102000,77.8,No,Chennai,Government,Commerce,Eligible
Male,MBC,133000,96.6,No,Erode,Government,Arts & Science,Eligible
Male,BC,195000,85.1,Yes,Madurai,Government Aided,Engineering,Eligible
Female,MBC,229000,61.6,No,Vellore,Government,Engineering,Not Eligible
Male,SC,126000,67.7,Yes,Madurai,Government Aided,Arts & Science,Eligible
Male,BC,353000,76.6,No,Thanjavur,Private,Management,Not Eligible
Female,BC,274000,96.8,Yes,Erode,Government Aided,Engineering,Not Eligible
Female,SC,104000,83.6,Yes,Coimbatore,Government Aided,Engineering,Eligible
Male,BC,205000,82.6,No,Tiruchirappalli,Government,Engineering,Not Eligible
Female,MBC,188000,78.9,Yes,Erode,Government,Engineering,Eligible
Female,OC,109000,67.5,Yes,Tirunelveli,Government,Engineering,Eligible
Male,MBC,325000,83.7,Yes,Tiruchirappalli,Government Aided,Engineering,Not Eligible
Female,BC,143000,56.9,No,Tiruchirappalli,Government,Arts & Science,Eligible
Male,SC,477000,73.5,Yes,Madurai,Private,Commerce,Not Eligible
Male,OC,480000,91.2,Yes,Tirunelveli,Private,Arts & Science,Not Eligible
Male,BC,87000,81.0,Yes,Madurai,Government,Engineering,Eligible
Female,OC,237000,48.0,Yes,Coimbatore,Government Aided,Engineering,Not Eligible
Male,MBC,194000,57.1,No,Madurai,Private,Medical,Not Eligible
Male,BC,128000,78.0,No,Tiruchirappalli,Private,Management,Eligible
Female,BC,149000,76.1,Yes,Thanjavur,Government,Arts & Science,Eligible
Male,BC,93000,48.2,No,Thanjavur,Government,Arts & Science,Not Eligible
Male,ST,104000,66.2,Yes,Madurai,Private,Engineering,Eligible
Male,MBC,148000,67.3,Yes,Kanchipuram,Private,Engineering,Not Eligible
Female,OC,252000,70.2,Yes,Salem,Government,Arts & Science,Not Eligible
Male,MBC,127000,61.1,Yes,Vellore,Government Aided,Engineering,Eligible
Female,SC,99000,52.0,No,Tiruchirappalli,Private,Engineering,Eligible
Male,SC,348000,80.9,No,Salem,Government,Engineering,Not Eligible
Male,SC,203000,66.1,No,Erode,Government Aided,Arts & Science,Eligible
Male,MBC,249000,68.6,Yes,Tiruchirappalli,Private,Medical,Not Eligible
Male,BC,104000,75.8,No,Tiruchirappalli,Government,Engineering,Eligible
Female,BC,98000,48.0,Yes,Erode,Private,Commerce,Not Eligible
Male,MBC,45000,74.5,No,Kanchipuram,Private,Engineering,Not Eligible
Male,MBC,98000,60.0,Yes,Tiruchirappalli,Private,Arts & Science,Eligible
Male,MBC,129000,82.3,Yes,Thanjavur,Government Aided,Engineering,Eligible
Female,SC,143000,99.0,No,Kanchipuram,Government,Engineering,Eligible
Male,SC,69000,78.5,Yes,Chennai,Private,Engineering,Eligible
Male,BC,89000,79.8,No,Chennai,Government,Engineering,Eligible
Male,BC,106000,81.9,Yes,Kanchipuram,Private,Commerce,Eligible
Female,BC,70000,74.7,No,Erode,Government Aided,Medical,Eligible
Female,SC,45000,59.7,No,Tiruchirappalli,Private,Arts & Science,Eligible
Female,MBC,251000,82.8,Yes,Coimbatore,Government Aided,Medical,Not Eligible
Male,BC,563000,60.9,Yes,Erode,Government,Commerce,Not Eligible
Male,BC,140000,73.5,No,Erode,Government Aided,Medical,Eligible
Female,BC,217000,62.9,No,Tiruchirappalli,Private,Arts & Science,Not Eligible
Male,OC,260000,81.2,Yes,Madurai,Private,Arts & Science,Not Eligible
Male,MBC,181000,51.6,No,Tirunelveli,Government Aided,Commerce,Not Eligible
Female,SC,146000,79.4,Yes,Salem,Government,Commerce,Eligible
Male,MBC,45000,57.6,Yes,Erode,Private,Engineering,Not Eligible
Male,OC,92000,63.9,Yes,Tirunelveli,Private,Commerce,Not Eligible
Male,BC,151000,71.5,Yes,Salem,Government Aided,Engineering,Eligible
Female,MBC,226000,62.6,No,Tiruchirappalli,Private,Commerce,Not Eligible
Female,BC,45000,59.6,Yes,Coimbatore,Government,Engineering,Eligible
Male,MBC,158000,70.1,Yes,Erode,Private,Commerce,Eligible
Female,SC,174000,74.7,No,Erode,Government Aided,Engineering,Eligible
Male,SC,183000,79.9,No,Kanchipuram,Private,Arts & Science,Eligible
Female,OC,177000,87.4,Yes,Chennai,Government Aided,Arts & Science,Eligible
Female,BC,92000,94.2,No,Kanchipuram,Private,Engineering,Eligible
Male,BC,89000,92.8,Yes,Madurai,Private,Medical,Eligible
Male,BC,116000,73.7,Yes,Tiruchirappalli,Government Aided,Commerce,Eligible
Male,SC,175000,54.8,Yes,Thanjavur,Government,Arts & Science,Eligible
Female,MBC,72000,59.6,Yes,Madurai,Private,Engineering,Eligible
Female,OC,334000,61.9,No,Salem,Private,Arts & Science,Not Eligible
Female,BC,237000,76.0,Yes,Coimbatore,Government,Arts & Science,Not Eligible
Male,BC,66000,68.6,No,Madurai,Government,Engineering,Eligible
Male,MBC,86000,63.7,No,Tirunelveli,Private,Engineering,Eligible
Female,MBC,232000,81.0,No,Tirunelveli,Government,Engineering,Not Eligible
Female,SC,206000,69.3,Yes,Salem,Government,Commerce,Eligible
Female,MBC,156000,71.3,Yes,Vellore,Private,Arts & Science,Eligible
Male,BC,101000,70.7,Yes,Vellore,Government,Arts & Science,Not Eligible
Male,SC,151000,83.6,Yes,Coimbatore,Government,Arts & Science,Eligible
Female,SC,251000,88.3,No,Coimbatore,Private,Engineering,Not Eligible
Male,ST,274000,89.0,Yes,Vellore,Private,Management,Not Eligible
Female,OC,95000,78.1,Yes,Vellore,Private,Arts & Science,Eligible
Male,BC,173000,99.0,No,Madurai,Government,Commerce,Eligible
Male,OC,195000,68.7,Yes,Chennai,Government,Commerce,Eligible
Female,MBC,186000,54.8,No,Vellore,Government,Engineering,Not Eligible
Male,ST,182000,73.5,No,Tiruchirappalli,Government,Commerce,Eligible
Female,SC,134000,71.1,No,Thanjavur,Government Aided,Engineering,Eligible
Male,BC,103000,77.4,Yes,Chennai,Government Aided,Commerce,Eligible
Female,BC,192000,53.6,Yes,Chennai,Government,Engineering,Not Eligible
Male,ST,137000,58.4,Yes,Madurai,Government Aided,Commerce,Eligible
Female,BC,134000,73.2,Yes,Coimbatore,Government Aided,Engineering,Eligible
Male,SC,79000,77.8,No,Tirunelveli,Government,Arts & Science,Eligible
Male,MBC,172000,83.6,Yes,Erode,Government,Engineering,Eligible
Female,MBC,149000,65.7,No,Erode,Private,Engineering,Eligible
Female,MBC,240000,90.9,Yes,Tirunelveli,Government Aided,Commerce,Not Eligible
Female,SC,128000,96.2,No,Chennai,Private,Management,Eligible
Male,MBC,135000,78.7,Yes,Tiruchirappalli,Government Aided,Management,Eligible
Female,ST,185000,64.6,Yes,Kanchipuram,Government,Commerce,Eligible
Male,ST,179000,59.5,Yes,Salem,Government,Commerce,Eligible
Male,MBC,180000,48.8,Yes,Coimbatore,Private,Engineering,Not Eligible
Male,BC,89000,78.1,Yes,Tiruchirappalli,Government,Arts & Science,Eligible
Female,ST,224000,70.3,Yes,Erode,Government Aided,Engineering,Eligible
Female,SC,85000,67.2,Yes,Kanchipuram,Private,Arts & Science,Eligible
Male,BC,276000,67.6,No,Madurai,Government,Commerce,Eligible
Male,BC,205000,71.4,Yes,Coimbatore,Government Aided,Arts & Science,Eligible
Female,SC,111000,58.6,Yes,Tirunelveli,Private,Engineering,Eligible
Female,BC,185000,88.9,No,Madurai,Government Aided,Arts & Science,Not Eligible
Male,OC,169000,74.6,No,Vellore,Government Aided,Commerce,Not Eligible
Male,SC,121000,71.2,No,Thanjavur,Private,Commerce,Eligible
Male,BC,83000,66.0,No,Coimbatore,Government,Commerce,Eligible
Female,SC,628000,79.0,Yes,Salem,Government,Arts & Science,Not Eligible
Female,OC,91000,81.0,No,Vellore,Government,Engineering,Eligible
Female,MBC,91000,83.1,Yes,Tirunelveli,Government,Arts & Science,Eligible
Female,BC,135000,80.1,Yes,Coimbatore,Private,Engineering,Eligible
Male,MBC,45000,77.8,No,Salem,Private,Engineering,Eligible
Male,BC,143000,70.3,Yes,Thanjavur,Government Aided,Commerce,Eligible
Male,OC,61000,70.2,Yes,Chennai,Government Aided,Engineering,Eligible
Male,MBC,201000,81.3,Yes,Vellore,Private,Engineering,Not Eligible
Female,BC,221000,81.9,Yes,Salem,Private,Engineering,Not Eligible
Male,SC,160000,83.5,Yes,Erode,Private,Engineering,Eligible
Male,MBC,100000,68.9,Yes,Thanjavur,Government,Engineering,Eligible
Female,MBC,57000,76.3,No,Madurai,Private,Engineering,Eligible
Female,SC,64000,75.2,Yes,Chennai,Government Aided,Engineering,Eligible
Female,MBC,180000,61.2,Yes,Tiruchirappalli,Government Aided,Engineering,Eligible
Female,BC,58000,59.0,No,Thanjavur,Government,Commerce,Eligible
Male,SC,162000,73.7,No,Thanjavur,Private,Commerce,Eligible
Female,BC,286000,80.5,No,Tirunelveli,Government Aided,Commerce,Not Eligible
Female,SC,221000,59.5,No,Salem,Government,Arts & Science,Eligible
Male,SC,117000,56.8,No,Coimbatore,Government,Commerce,Eligible
Male,SC,127000,80.5,No,Erode,Private,Commerce,Eligible
Female,BC,125000,73.1,Yes,Vellore,Private,Engineering,Eligible
Female,BC,123000,59.6,Yes,Vellore,Government,Arts & Science,Eligible
Male,SC,92000,75.6,Yes,Thanjavur,Government Aided,Arts & Science,Eligible
Male,SC,207000,90.9,No,Chennai,Private,Engineering,Eligible
Male,BC,328000,59.3,No,Coimbatore,Government Aided,Arts & Science,Not Eligible
Male,MBC,173000,79.1,No,Chennai,Government,Commerce,Eligible
Female,BC,171000,78.1,No,Salem,Government Aided,Commerce,Eligible
Male,SC,74000,91.4,No,Vellore,Government Aided,Commerce,Eligible
Female,SC,251000,79.9,Yes,Kanchipuram,Government,Engineering,Not Eligible
Male,MBC,263000,79.0,No,Vellore,Government Aided,Arts & Science,Not Eligible
Male,ST,137000,72.6,Yes,Chennai,Private,Management,Eligible
Male,BC,177000,70.6,Yes,Tiruchirappalli,Private,Commerce,Eligible
Male,SC,49000,58.9,No,Chennai,Government,Engineering,Eligible
Female,MBC,101000,61.3,Yes,Madurai,Private,Engineering,Eligible
Female,MBC,96000,94.0,No,Erode,Government Aided,Arts & Science,Eligible
Female,MBC,77000,74.2,Yes,Kanchipuram,Government,Engineering,Eligible
Male,MBC,204000,48.0,Yes,Coimbatore,Private,Arts & Science,Not Eligible
Female,OC,140000,86.2,Yes,Coimbatore,Private,Engineering,Eligible
Female,OC,61000,72.1,No,Salem,Private,Engineering,Not Eligible
Male,BC,166000,79.9,No,Vellore,Government Aided,Engineering,Eligible
Male,BC,145000,58.8,Yes,Vellore,Government,Arts & Science,Eligible
Female,SC,98000,61.8,Yes,Kanchipuram,Private,Commerce,Eligible
Female,MBC,110000,64.0,No,Tirunelveli,Private,Engineering,Eligible
Male,OC,74000,88.6,Yes,Tiruchirappalli,Government,Engineering,Eligible
Female,BC,163000,65.9,No,Thanjavur,Government,Arts & Science,Eligible
Male,BC,74000,52.2,Yes,Coimbatore,Government Aided,Commerce,Not Eligible
Male,MBC,69000,58.7,No,Salem,Government,Management,Eligible
Male,BC,68000,53.0,No,Madurai,Government,Medical,Not Eligible
Male,SC,289000,67.8,No,Tirunelveli,Private,Engineering,Not Eligible
Female,MBC,71000,74.1,No,Thanjavur,Private,Medical,Eligible
Female,MBC,118000,67.4,No,Coimbatore,Government,Arts & Science,Eligible
Male,BC,286000,52.2,No,Chennai,Government,Medical,Not Eligible
Male,BC,110000,57.1,Yes,Tiruchirappalli,Government Aided,Engineering,Eligible
Female,MBC,132000,50.8,Yes,Madurai,Government,Arts & Science,Not Eligible
Male,OC,74000,80.7,Yes,Salem,Private,Commerce,Eligible
Male,MBC,118000,64.2,No,Madurai,Private,Management,Eligible
Male,SC,381000,67.9,Yes,Coimbatore,Private,Engineering,Not Eligible
Male,BC,148000,90.1,No,Salem,Government,Commerce,Eligible
Male,OC,210000,68.9,No,Salem,Government,Engineering,Not Eligible
Male,OC,134000,57.9,No,Tirunelveli,Private,Arts & Science,Not Eligible
Male,MBC,212000,50.0,Yes,Salem,Private,Medical,Not Eligible
Female,MBC,114000,62.4,No,Thanjavur,Government Aided,Engineering,Eligible
Female,BC,76000,63.2,Yes,Kanchipuram,Government,Arts & Science,Eligible
Male,BC,154000,76.8,Yes,Salem,Government,Commerce,Eligible
Male,MBC,93000,71.7,Yes,Thanjavur,Private,Engineering,Eligible
Female,BC,175000,81.1,No,Kanchipuram,Government Aided,Arts & Science,Eligible
Female,BC,164000,64.9,Yes,Madurai,Private,Arts & Science,Eligible
Male,ST,188000,81.5,No,Tirunelveli,Government,Arts & Science,Eligible
Female,BC,403000,75.8,Yes,Madurai,Government,Management,Not Eligible
Male,BC,151000,70.5,No,Vellore,Government,Medical,Eligible
Male,BC,133000,66.1,No,Tirunelveli,Government Aided,Engineering,Eligible
Male,SC,157000,71.8,No,Tirunelveli,Government Aided,Arts & Science,Eligible
Female,SC,60000,66.3,Yes,Coimbatore,Private,Arts & Science,Not Eligible
Male,OC,304000,66.4,Yes,Salem,Private,Medical,Not Eligible
Male,SC,102000,74.8,Yes,Thanjavur,Private,Commerce,Eligible
Female,BC,169000,69.6,Yes,Coimbatore,Government Aided,Engineering,Eligible
Male,MBC,147000,68.8,No,Kanchipuram,Private,Management,Eligible
Male,MBC,50000,68.7,Yes,Coimbatore,Private,Commerce,Eligible
Male,BC,102000,87.4,No,Kanchipuram,Private,Arts & Science,Eligible
Male,BC,133000,67.8,No,Madurai,Government Aided,Arts & Science,Eligible
Male,BC,166000,75.6,Yes,Coimbatore,Government,Arts & Science,Eligible
Male,OC,132000,77.9,No,Kanchipuram,Government,Engineering,Not Eligible
Male,BC,98000,58.9,No,Madurai,Government Aided,Engineering,Eligible
Male,BC,204000,61.7,Yes,Tirunelveli,Private,Engineering,Not Eligible
Female,BC,469000,68.5,No,Erode,Private,Commerce,Not Eligible
Female,MBC,57000,70.8,Yes,Vellore,Private,Engineering,Eligible
Female,BC,65000,78.4,Yes,Salem,Private,Arts & Science,Eligible
Male,BC,86000,83.2,No,Tiruchirappalli,Government,Commerce,Eligible
Female,BC,119000,81.5,No,Kanchipuram,Government Aided,Management,Eligible
Female,MBC,76000,81.9,No,Madurai,Government Aided,Arts & Science,Eligible
Male,BC,243000,75.6,Yes,Thanjavur,Government Aided,Engineering,Not Eligible
Male,BC,105000,84.3,No,Madurai,Private,Commerce,Eligible
Female,ST,442000,75.2,Yes,Vellore,Government Aided,Commerce,Not Eligible
Female,MBC,82000,75.1,No,Tiruchirappalli,Government Aided,Commerce,Eligible
Male,BC,73000,78.3,No,Kanchipuram,Government Aided,Commerce,Eligible
Male,BC,45000,61.5,No,Thanjavur,Private,Engineering,Eligible
Female,ST,124000,61.9,Yes,Salem,Private,Engineering,Eligible
Male,MBC,213000,60.3,Yes,Kanchipuram,Government Aided,Engineering,Eligible
Female,MBC,302000,74.8,Yes,Kanchipuram,Private,Commerce,Not Eligible
Male,BC,102000,77.4,Yes,Erode,Government Aided,Management,Eligible
Female,MBC,152000,48.0,Yes,Chennai,Government Aided,Arts & Science,Not Eligible
Male,MBC,316000,72.2,Yes,Thanjavur,Government,Arts & Science,Not Eligible
Male,BC,131000,48.0,No,Chennai,Private,Engineering,Not Eligible
Male,SC,75000,49.7,No,Tiruchirappalli,Private,Engineering,Not Eligible
Female,BC,170000,69.5,No,Kanchipuram,Government,Engineering,Eligible
Male,BC,172000,82.3,No,Erode,Government Aided,Engineering,Eligible
Female,BC,124000,79.5,No,Thanjavur,Government Aided,Commerce,Eligible
Male,OC,207000,53.0,Yes,Coimbatore,Private,Commerce,Not Eligible
Male,MBC,68000,48.0,Yes,Chennai,Government,Arts & Science,Not Eligible
Male,OC,141000,81.0,Yes,Tiruchirappalli,Government,Engineering,Eligible
Male,MBC,103000,86.3,No,Kanchipuram,Government,Arts & Science,Eligible
Female,BC,45000,78.8,No,Vellore,Private,Engineering,Eligible
Female,ST,47000,74.2,Yes,Madurai,Government Aided,Arts & Science,Eligible
Female,OC,94000,70.3,No,Tiruchirappalli,Government Aided,Arts & Science,Not Eligible
Male,BC,56000,92.4,Yes,Salem,Government Aided,Engineering,Eligible
Female,SC,219000,66.4,Yes,Vellore,Private,Arts & Science,Eligible
Female,MBC,119000,64.6,No,Tiruchirappalli,Government,Engineering,Eligible
Male,MBC,113000,63.3,No,Tiruchirappalli,Private,Arts & Science,Eligible
Male,BC,77000,66.9,No,Tirunelveli,Government,Commerce,Eligible
Male,ST,187000,91.0,No,Kanchipuram,Government,Management,Eligible
Female,MBC,237000,59.8,No,Vellore,Government,Arts & Science,Not Eligible
Female,BC,230000,52.6,Yes,Vellore,Government Aided,Engineering,Not Eligible
Female,BC,130000,88.0,No,Tiruchirappalli,Government Aided,Engineering,Eligible
Female,BC,128000,77.3,No,Coimbatore,Government,Arts & Science,Eligible
Male,MBC,239000,82.2,Yes,Tiruchirappalli,Government Aided,Management,Not Eligible
Male,MBC,170000,59.0,No,Thanjavur,Government,Medical,Eligible
Female,BC,96000,78.6,No,Erode,Government Aided,Arts & Science,Eligible
Female,BC,123000,68.7,Yes,Kanchipuram,Private,Medical,Eligible
Female,SC,107000,97.9,Yes,Coimbatore,Government Aided,Arts & Science,Eligible
Male,OC,212000,63.6,No,Vellore,Government Aided,Engineering,Not Eligible
Male,SC,115000,64.6,No,Salem,Private,Engineering,Eligible
Female,SC,66000,89.9,Yes,Thanjavur,Government,Commerce,Eligible
Male,BC,91000,77.1,Yes,Kanchipuram,Government,Engineering,Eligible
Female,SC,197000,93.2,Yes,Tirunelveli,Government Aided,Engineering,Eligible
Male,ST,105000,82.5,Yes,Chennai,Government Aided,Engineering,Eligible
Male,MBC,52000,69.0,No,Erode,Government,Engineering,Eligible
Female,BC,73000,59.0,Yes,Madurai,Government Aided,Engineering,Eligible
Male,BC,209000,63.9,No,Thanjavur,Government,Arts & Science,Not Eligible
Female,MBC,104000,78.2,No,Salem,Government,Arts & Science,Eligible
Male,SC,299000,69.5,No,Tiruchirappalli,Government,Engineering,Not Eligible
Female,MBC,122000,70.5,No,Coimbatore,Private,Engineering,Not Eligible
Female,BC,241000,87.9,Yes,Kanchipuram,Government,Engineering,Not Eligible
Female,ST,102000,60.1,No,Kanchipuram,Government Aided,Arts & Science,Eligible
Male,SC,148000,73.8,No,Thanjavur,Government,Arts & Science,Eligible
Male,BC,104000,49.6,No,Tiruchirappalli,Government Aided,Arts & Science,Not Eligible
Male,BC,139000,68.0,No,Chennai,Government Aided,Arts & Science,Eligible
Female,BC,79000,64.3,No,Tiruchirappalli,Government,Engineering,Eligible
Female,MBC,231000,58.8,No,Madurai,Private,Medical,Not Eligible
Female,MBC,125000,93.7,No,Erode,Government,Medical,Eligible
Male,OC,94000,76.0,Yes,Erode,Government,Engineering,Eligible
Male,ST,113000,65.1,Yes,Thanjavur,Government,Management,Not Eligible
Male,MBC,154000,70.9,Yes,Coimbatore,Private,Commerce,Eligible
Female,SC,182000,68.5,No,Madurai,Government,Engineering,Eligible
Male,MBC,91000,75.5,No,Chennai,Private,Commerce,Eligible
Male,MBC,162000,83.8,No,Erode,Government Aided,Engineering,Eligible
Female,MBC,191000,93.5,No,Tirunelveli,Government,Arts & Science,Not Eligible
Female,MBC,212000,71.9,No,Tiruchirappalli,Government,Management,Not Eligible
Female,BC,375000,86.6,No,Thanjavur,Government,Arts & Science,Not Eligible
Female,SC,118000,80.9,Yes,Coimbatore,Government,Engineering,Eligible
Female,BC,307000,68.1,Yes,Madurai,Government Aided,Engineering,Not Eligible
Female,SC,675000,83.4,Yes,Erode,Private,Arts & Science,Not Eligible
Male,BC,173000,79.9,Yes,Vellore,Government Aided,Engineering,Eligible
Female,MBC,93000,48.9,No,Madurai,Government Aided,Medical,Not Eligible
Male,BC,45000,61.8,Yes,Tirunelveli,Government,Engineering,Eligible
Male,ST,149000,56.5,No,Kanchipuram,Private,Engineering,Eligible
Female,OC,54000,78.0,Yes,Salem,Government,Arts & Science,Eligible
Male,OC,366000,73.1,Yes,Vellore,Private,Engineering,Not Eligible
Male,MBC,79000,75.0,No,Coimbatore,Private,Arts & Science,Eligible
Female,BC,91000,74.3,Yes,Kanchipuram,Government,Engineering,Eligible
Male,MBC,94000,73.8,No,Coimbatore,Private,Medical,Eligible
Male,MBC,93000,86.2,Yes,Tirunelveli,Government,Medical,Eligible
Male,BC,84000,81.1,Yes,Erode,Private,Engineering,Eligible
Male,MBC,182000,48.0,Yes,Thanjavur,Government Aided,Management,Not Eligible
Male,MBC,246000,63.3,Yes,Vellore,Government Aided,Engineering,Not Eligible
Male,OC,189000,74.2,No,Thanjavur,Government,Arts & Science,Not Eligible
Male,MBC,237000,83.9,Yes,Vellore,Government Aided,Engineering,Not Eligible
Male,SC,122000,57.4,No,Erode,Private,Arts & Science,Eligible
Male,BC,328000,79.2,No,Coimbatore,Government,Engineering,Not Eligible
Female,SC,122000,74.0,No,Thanjavur,Private,Engineering,Eligible
Male,OC,142000,69.4,No,Chennai,Government Aided,Engineering,Not Eligible
Male,SC,183000,75.3,No,Vellore,Government,Engineering,Eligible
Male,BC,98000,55.1,No,Salem,Private,Commerce,Eligible
Female,MBC,196000,67.6,Yes,Chennai,Government Aided,Engineering,Eligible
Female,OC,186000,99.0,Yes,Chennai,Government,Commerce,Eligible
Female,MBC,101000,76.7,No,Tiruchirappalli,Government Aided,Engineering,Eligible
Male,MBC,124000,55.7,Yes,Vellore,Private,Engineering,Eligible
Male,MBC,124000,56.9,No,Tiruchirappalli,Government Aided,Management,Eligible
Male,MBC,45000,72.4,No,Coimbatore,Government,Management,Eligible
Male,OC,196000,69.7,No,Salem,Government,Arts & Science,Not Eligible
Female,BC,169000,54.3,Yes,Tirunelveli,Private,Management,Not Eligible
Male,OC,198000,65.7,Yes,Tirunelveli,Government,Engineering,Eligible
Female,MBC,139000,69.2,Yes,Erode,Private,Arts & Science,Eligible
Male,SC,158000,59.6,No,Madurai,Government,Commerce,Eligible
Male,MBC,193000,75.4,No,Vellore,Private,Arts & Science,Not Eligible
Female,SC,157000,80.5,No,Erode,Government Aided,Commerce,Eligible
Female,SC,172000,57.3,No,Kanchipuram,Private,Arts & Science,Eligible
Male,MBC,60000,49.1,No,Coimbatore,Private,Arts & Science,Not Eligible
Female,BC,48000,48.0,Yes,Tirunelveli,Government,Engineering,Not Eligible
Male,SC,98000,75.2,Yes,Chennai,Government Aided,Management,Eligible
Female,BC,179000,54.9,Yes,Tirunelveli,Government,Engineering,Not Eligible
Male,BC,127000,77.6,No,Kanchipuram,Government Aided,Medical,Eligible
Female,BC,224000,77.6,Yes,Kanchipuram,Government,Engineering,Not Eligible
Male,BC,118000,48.0,Yes,Kanchipuram,Government,Engineering,Not Eligible
Male,BC,274000,85.5,No,Chennai,Government Aided,Arts & Science,Not Eligible
Female,BC,150000,48.0,No,Erode,Government,Arts & Science,Not Eligible
Female,SC,209000,71.0,No,Coimbatore,Private,Engineering,Eligible
Female,BC,298000,62.1,No,Tirunelveli,Private,Engineering,Not Eligible
Male,MBC,205000,62.6,No,Salem,Private,Management,Not Eligible
Female,MBC,152000,60.6,No,Vellore,Private,Arts & Science,Eligible
Male,SC,117000,66.7,No,Madurai,Government,Engineering,Eligible
Female,BC,115000,65.7,Yes,Salem,Government,Engineering,Eligible
Female,MBC,207000,93.9,Yes,Salem,Private,Engineering,Not Eligible
Male,BC,199000,73.7,No,Madurai,Government Aided,Management,Not Eligible
Male,MBC,115000,63.0,Yes,Salem,Private,Arts & Science,Eligible
Female,BC,47000,69.3,No,Chennai,Private,Engineering,Eligible
Male,SC,123000,87.3,No,Erode,Government Aided,Management,Eligible
Male,OC,46000,77.2,Yes,Tirunelveli,Private,Arts & Science,Not Eligible
Female,MBC,338000,84.0,Yes,Coimbatore,Government Aided,Arts & Science,Not Eligible
Male,SC,108000,70.7,No,Erode,Government Aided,Medical,Eligible
Male,ST,87000,75.4,No,Tirunelveli,Private,Engineering,Eligible
Male,BC,208000,78.7,No,Chennai,Private,Engineering,Not Eligible
Male,OC,222000,72.4,Yes,Salem,Private,Arts & Science,Not Eligible
Female,SC,409000,75.7,Yes,Tirunelveli,Government,Arts & Science,Not Eligible
Male,BC,533000,52.6,Yes,Chennai,Government,Medical,Not Eligible
Female,BC,396000,69.6,No,Tiruchirappalli,Government Aided,Medical,Not Eligible
Male,MBC,96000,50.4,Yes,Tiruchirappalli,Private,Arts & Science,Not Eligible
Male,MBC,132000,61.9,Yes,Tirunelveli,Private,Engineering,Eligible
Female,OC,125000,50.4,No,Vellore,Private,Arts & Science,Not Eligible
Male,MBC,113000,67.8,No,Erode,Private,Engineering,Eligible
Female,ST,471000,82.2,Yes,Erode,Government Aided,Commerce,Not Eligible
Female,BC,213000,72.1,Yes,Coimbatore,Government,Engineering,Eligible
Female,OC,159000,59.1,No,Vellore,Private,Engineering,Not Eligible
Male,BC,200000,79.7,No,Tirunelveli,Government,Commerce,Not Eligible
Male,SC,207000,87.7,Yes,Coimbatore,Government Aided,Commerce,Eligible
Male,BC,151000,54.5,Yes,Vellore,Private,Management,Not Eligible
Female,BC,159000,79.2,No,Chennai,Government,Arts & Science,Eligible
Male,MBC,96000,51.6,Yes,Vellore,Government,Engineering,Not Eligible
Male,SC,139000,55.0,No,Thanjavur,Government Aided,Arts & Science,Eligible
Female,SC,66000,72.4,Yes,Tirunelveli,Government,Engineering,Eligible
Male,BC,146000,81.9,No,Erode,Government,Engineering,Eligible
Male,MBC,157000,85.1,Yes,Chennai,Government,Engineering,Eligible
Female,SC,289000,95.7,No,Erode,Private,Commerce,Not Eligible
Male,BC,268000,83.9,No,Tiruchirappalli,Private,Management,Not Eligible
Male,BC,53000,59.5,Yes,Thanjavur,Government,Arts & Science,Eligible
Male,MBC,187000,72.7,No,Salem,Government Aided,Engineering,Not Eligible
Male,MBC,345000,93.8,Yes,Erode,Private,Engineering,Not Eligible
Male,SC,96000,82.7,No,Salem,Government,Arts & Science,Eligible
Male,MBC,84000,86.3,No,Kanchipuram,Government Aided,Commerce,Eligible
Male,SC,72000,77.2,Yes,Erode,Private,Arts & Science,Eligible
Male,SC,104000,67.0,Yes,Salem,Government Aided,Management,Eligible
Female,MBC,95000,56.8,Yes,Coimbatore,Government,Arts & Science,Eligible
Male,MBC,107000,60.0,Yes,Coimbatore,Private,Engineering,Eligible
Male,MBC,210000,63.4,Yes,Chennai,Private,Engineering,Not Eligible
Female,SC,150000,61.8,No,Salem,Government,Engineering,Eligible
Male,SC,79000,51.8,No,Coimbatore,Government,Management,Eligible
Female,SC,352000,69.9,Yes,Coimbatore,Government,Engineering,Not Eligible
Male,BC,103000,72.3,No,Tirunelveli,Government,Commerce,Eligible
Male,MBC,199000,56.7,Yes,Thanjavur,Government,Management,Not Eligible
Female,SC,294000,69.9,Yes,Erode,Private,Engineering,Not Eligible
Female,OC,157000,74.4,No,Madurai,Private,Engineering,Not Eligible
Female,BC,203000,77.9,No,Vellore,Private,Arts & Science,Not Eligible
Male,SC,289000,84.9,Yes,Kanchipuram,Private,Arts & Science,Not Eligible
Male,SC,45000,85.0,Yes,Chennai,Private,Arts & Science,Eligible
Male,SC,159000,58.5,No,Kanchipuram,Government,Arts & Science,Eligible
Female,BC,122000,67.6,Yes,Salem,Government,Arts & Science,Eligible
Male,MBC,118000,63.6,No,Salem,Private,Arts & Science,Eligible
Male,OC,180000,73.4,No,Erode,Government Aided,Management,Not Eligible
Female,BC,181000,63.9,No,Tiruchirappalli,Government,Arts & Science,Not Eligible
Female,BC,135000,60.4,No,Coimbatore,Private,Engineering,Eligible
Female,BC,82000,93.3,No,Erode,Government,Arts & Science,Eligible
Female,SC,127000,59.6,No,Chennai,Government,Engineering,Eligible
Male,SC,152000,77.0,No,Thanjavur,Government,Arts & Science,Eligible
Male,BC,353000,67.9,Yes,Salem,Government Aided,Engineering,Not Eligible
Female,BC,99000,75.5,No,Madurai,Government,Engineering,Eligible
Female,BC,139000,92.4,Yes,Tiruchirappalli,Government,Commerce,Eligible
Male,SC,45000,65.0,No,Erode,Private,Engineering,Eligible
Male,MBC,163000,69.6,Yes,Kanchipuram,Government,Engineering,Eligible
Female,OC,123000,55.4,Yes,Coimbatore,Private,Management,Not Eligible
Female,MBC,193000,80.4,No,Tirunelveli,Government Aided,Engineering,Not Eligible
Female,SC,208000,75.8,No,Thanjavur,Government,Medical,Eligible
Female,MBC,514000,67.0,No,Thanjavur,Private,Arts & Science,Not Eligible
Female,BC,128000,48.0,No,Salem,Government,Engineering,Not Eligible
Female,OC,117000,67.5,Yes,Vellore,Government,Engineering,Eligible
Male,BC,102000,60.7,No,Coimbatore,Private,Arts & Science,Eligible
Male,MBC,174000,48.0,No,Kanchipuram,Private,Commerce,Not Eligible
Male,BC,156000,76.0,Yes,Tirunelveli,Government,Arts & Science,Eligible
Female,BC,344000,62.8,No,Tiruchirappalli,Private,Commerce,Not Eligible
Male,BC,151000,77.7,Yes,Coimbatore,Private,Commerce,Eligible
Male,MBC,45000,71.6,Yes,Tiruchirappalli,Private,Engineering,Eligible
Male,SC,45000,71.9,Yes,Vellore,Government Aided,Engineering,Eligible
Female,MBC,69000,69.8,No,Kanchipuram,Private,Engineering,Eligible
Female,OC,272000,80.0,No,Tirunelveli,Government,Arts & Science,Not Eligible
Male,OC,129000,97.2,No,Thanjavur,Government,Engineering,Eligible
Female,BC,105000,65.2,No,Salem,Government Aided,Medical,Eligible
Male,BC,97000,99.0,Yes,Kanchipuram,Private,Arts & Science,Eligible
Female,SC,133000,76.8,No,Tirunelveli,Private,Arts & Science,Eligible
Female,BC,283000,76.6,No,Chennai,Private,Engineering,Not Eligible
Female,ST,108000,72.9,Yes,Salem,Government,Engineering,Eligible
Female,BC,164000,54.2,Yes,Chennai,Government,Management,Not Eligible
Female,SC,102000,80.2,Yes,Kanchipuram,Private,Commerce,Eligible
Female,MBC,185000,79.5,No,Salem,Private,Arts & Science,Not Eligible
Male,SC,286000,97.1,Yes,Chennai,Private,Arts & Science,Not Eligible
Male,OC,185000,86.3,No,Kanchipuram,Government,Arts & Science,Not Eligible
Male,MBC,118000,57.0,Yes,Thanjavur,Private,Arts & Science,Eligible
Female,SC,128000,48.0,Yes,Coimbatore,Government Aided,Arts & Science,Not Eligible
Female,MBC,81000,76.3,Yes,Vellore,Private,Arts & Science,Not Eligible
Female,SC,255000,71.8,Yes,Vellore,Government Aided,Engineering,Not Eligible
Male,SC,273000,61.6,Yes,Kanchipuram,Private,Commerce,Not Eligible
Female,BC,185000,55.4,No,Vellore,Government,Commerce,Not Eligible
Female,BC,442000,55.6,Yes,Vellore,Private,Engineering,Not Eligible
Male,BC,154000,77.5,No,Erode,Government,Arts & Science,Eligible
Male,OC,109000,70.8,Yes,Coimbatore,Government Aided,Engineering,Eligible
Female,BC,60000,70.8,No,Thanjavur,Private,Engineering,Eligible
Female,SC,87000,75.8,No,Chennai,Private,Engineering,Eligible
Female,SC,243000,69.4,No,Chennai,Private,Arts & Science,Eligible
Male,BC,169000,67.4,Yes,Chennai,Private,Management,Eligible
Female,BC,363000,80.4,No,Erode,Private,Engineering,Not Eligible
Female,SC,268000,71.8,No,Salem,Private,Commerce,Not Eligible
Male,SC,146000,59.0,No,Kanchipuram,Government,Arts & Science,Eligible
Female,MBC,205000,93.3,Yes,Thanjavur,Government Aided,Engineering,Eligible
Male,MBC,118000,65.6,Yes,Chennai,Government Aided,Arts & Science,Eligible
Female,SC,244000,82.3,Yes,Chennai,Government,Commerce,Eligible
Male,OC,123000,72.0,Yes,Salem,Private,Arts & Science,Not Eligible
Male,SC,286000,63.2,Yes,Vellore,Government Aided,Engineering,Not Eligible
Female,BC,313000,77.5,Yes,Kanchipuram,Government Aided,Engineering,Not Eligible
Female,SC,52000,82.2,No,Tiruchirappalli,Government,Engineering,Eligible
Female,MBC,206000,93.2,No,Salem,Government,Arts & Science,Not Eligible
Male,SC,117000,66.6,No,Vellore,Government,Arts & Science,Eligible
Male,OC,107000,71.6,Yes,Coimbatore,Private,Engineering,Not Eligible
Male,SC,186000,78.1,Yes,Erode,Government,Arts & Science,Eligible
Female,ST,154000,74.9,No,Thanjavur,Government,Management,Eligible
Female,MBC,65000,80.3,Yes,Coimbatore,Government Aided,Arts & Science,Eligible
Male,MBC,188000,60.2,Yes,Vellore,Government,Medical,Eligible
Female,SC,145000,72.3,No,Tiruchirappalli,Government,Management,Eligible
Male,MBC,115000,70.8,No,Coimbatore,Private,Arts & Science,Eligible
Male,BC,90000,79.3,No,Coimbatore,Private,Arts & Science,Eligible
Male,ST,163000,74.7,No,Coimbatore,Government,Arts & Science,Eligible
Female,SC,137000,67.2,Yes,Tiruchirappalli,Government,Engineering,Eligible
Female,SC,533000,83.4,No,Tirunelveli,Government Aided,Engineering,Not Eligible
Female,BC,249000,79.9,Yes,Coimbatore,Private,Engineering,Not Eligible
Female,MBC,126000,74.5,Yes,Vellore,Private,Management,Eligible
Female,MBC,104000,89.1,Yes,Kanchipuram,Government Aided,Arts & Science,Eligible
Male,BC,87000,86.5,Yes,Coimbatore,Private,Arts & Science,Eligible
Male,OC,183000,77.9,Yes,Erode,Government,Management,Eligible
Female,MBC,51000,98.9,No,Vellore,Government Aided,Engineering,Eligible
Male,MBC,45000,55.6,No,Tiruchirappalli,Private,Commerce,Eligible
Female,SC,61000,66.4,No,Kanchipuram,Government Aided,Arts & Science,Eligible
Female,OC,113000,94.8,Yes,Vellore,Private,Management,Eligible
Female,MBC,346000,83.8,Yes,Thanjavur,Government Aided,Engineering,Not Eligible
Male,OC,117000,74.9,Yes,Chennai,Government Aided,Engineering,Eligible
Male,MBC,125000,69.3,No,Thanjavur,Government,Management,Eligible
Female,BC,120000,97.1,Yes,Thanjavur,Government Aided,Medical,Eligible
Female,BC,255000,95.9,Yes,Tirunelveli,Government,Management,Not Eligible
Female,BC,120000,54.5,No,Kanchipuram,Private,Engineering,Not Eligible
Female,BC,471000,80.0,No,Salem,Government Aided,Engineering,Not Eligible
Female,SC,61000,56.6,Yes,Madurai,Government,Commerce,Eligible
Male,MBC,126000,57.6,No,Erode,Government,Management,Eligible
Male,SC,260000,86.7,Yes,Thanjavur,Private,Engineering,Not Eligible
Male,BC,267000,49.1,Yes,Coimbatore,Private,Commerce,Not Eligible
Male,OC,102000,76.5,No,Chennai,Government Aided,Management,Not Eligible
Male,BC,85000,76.6,Yes,Tirunelveli,Government,Commerce,Eligible
Male,SC,189000,64.2,Yes,Madurai,Government Aided,Arts & Science,Not Eligible
Male,OC,116000,72.7,No,Vellore,Government Aided,Commerce,Not Eligible
Male,MBC,114000,87.5,No,Erode,Government,Medical,Eligible
Male,MBC,103000,83.7,No,Madurai,Government,Engineering,Eligible
Male,ST,220000,66.6,No,Tiruchirappalli,Private,Management,Eligible
Female,SC,143000,89.0,Yes,Salem,Private,Engineering,Eligible
Male,MBC,149000,64.6,Yes,Madurai,Government Aided,Management,Eligible
Male,BC,68000,56.8,No,Vellore,Government Aided,Arts & Science,Eligible
Male,BC,312000,82.1,Yes,Kanchipuram,Government,Engineering,Not Eligible
Female,SC,453000,74.0,Yes,Tirunelveli,Government Aided,Medical,Not Eligible
Female,OC,155000,70.6,Yes,Erode,Private,Engineering,Not Eligible
Male,OC,203000,71.3,Yes,Chennai,Private,Management,Not Eligible
Female,OC,61000,79.7,No,Thanjavur,Government,Engineering,Eligible
Female,SC,240000,74.0,No,Erode,Government,Engineering,Eligible
Male,BC,98000,91.8,No,Tirunelveli,Government Aided,Commerce,Eligible
Male,SC,149000,68.5,Yes,Coimbatore,Private,Engineering,Eligible
Male,MBC,201000,65.5,No,Madurai,Government,Engineering,Not Eligible
Female,MBC,91000,66.6,Yes,Vellore,Government Aided,Commerce,Eligible
Female,BC,81000,69.4,No,Salem,Government Aided,Management,Eligible
Male,SC,420000,62.2,Yes,Tirunelveli,Government,Engineering,Not Eligible
Male,MBC,430000,76.8,Yes,Madurai,Government,Arts & Science,Not Eligible
Male,BC,177000,53.4,No,Coimbatore,Government,Management,Not Eligible
Female,BC,264000,98.5,Yes,Madurai,Government Aided,Engineering,Not Eligible
Female,BC,183000,58.7,No,Coimbatore,Private,Engineering,Not Eligible
Male,SC,66000,76.2,No,Chennai,Private,Engineering,Eligible
Female,MBC,71000,80.1,Yes,Erode,Government,Engineering,Eligible
Male,BC,73000,67.9,No,Coimbatore,Private,Commerce,Eligible
Female,ST,112000,78.1,Yes,Kanchipuram,Government Aided,Engineering,Eligible
Female,BC,206000,66.6,No,Tirunelveli,Government Aided,Commerce,Not Eligible
Female,MBC,109000,68.2,No,Kanchipuram,Government Aided,Commerce,Eligible
Female,BC,163000,75.8,No,Kanchipuram,Government Aided,Arts & Science,Eligible
Male,MBC,264000,66.6,Yes,Madurai,Private,Arts & Science,Not Eligible
Male,BC,59000,82.0,Yes,Coimbatore,Private,Engineering,Eligible
Male,BC,251000,57.2,No,Madurai,Private,Engineering,Not Eligible
Female,BC,211000,86.4,No,Tirunelveli,Government Aided,Arts & Science,Not Eligible
Male,MBC,98000,81.4,No,Coimbatore,Government,Engineering,Eligible
Male,SC,119000,75.9,No,Tiruchirappalli,Government,Arts & Science,Eligible
Male,SC,77000,55.9,Yes,Salem,Government,Management,Eligible
Male,MBC,159000,83.3,No,Madurai,Government,Engineering,Eligible
Female,SC,214000,90.2,No,Thanjavur,Government Aided,Engineering,Eligible
Male,MBC,102000,70.2,No,Erode,Government,Engineering,Eligible
Male,MBC,109000,77.4,No,Tiruchirappalli,Government,Engineering,Eligible
Male,BC,88000,57.1,No,Tiruchirappalli,Private,Commerce,Eligible
Male,MBC,124000,82.9,Yes,Tiruchirappalli,Private,Engineering,Eligible
Female,BC,104000,67.6,No,Coimbatore,Government,Engineering,Eligible
Male,SC,164000,99.0,No,Madurai,Government Aided,Management,Eligible
Male,OC,134000,71.9,Yes,Coimbatore,Government,Arts & Science,Eligible
Female,MBC,220000,69.1,Yes,Chennai,Private,Arts & Science,Not Eligible
Female,SC,252000,71.1,No,Coimbatore,Government Aided,Arts & Science,Not Eligible
Female,BC,158000,76.3,Yes,Vellore,Government Aided,Engineering,Eligible
Male,SC,192000,55.9,No,Tirunelveli,Government,Arts & Science,Eligible
Male,SC,233000,93.7,No,Tiruchirappalli,Private,Engineering,Eligible
Female,BC,150000,78.8,No,Salem,Government,Arts & Science,Eligible
Female,SC,221000,65.9,No,Tiruchirappalli,Private,Engineering,Eligible
Female,MBC,142000,62.6,Yes,Erode,Private,Arts & Science,Eligible
Female,BC,52000,62.0,No,Salem,Private,Arts & Science,Eligible
Female,OC,48000,76.5,Yes,Madurai,Government,Arts & Science,Eligible
Female,MBC,264000,79.7,No,Erode,Private,Management,Not Eligible
Male,SC,152000,52.4,No,Chennai,Government Aided,Engineering,Eligible
Male,SC,162000,70.7,Yes,Vellore,Government Aided,Medical,Eligible
Female,ST,94000,96.9,Yes,Tiruchirappalli,Government Aided,Engineering,Eligible
Male,SC,174000,80.9,No,Erode,Government,Arts & Science,Eligible
Male,BC,197000,51.1,Yes,Tirunelveli,Government Aided,Engineering,Not Eligible
Male,MBC,118000,59.8,No,Tirunelveli,Government,Arts & Science,Eligible
Female,ST,292000,62.9,No,Kanchipuram,Government Aided,Engineering,Not Eligible
Male,MBC,45000,64.9,No,Coimbatore,Private,Arts & Science,Eligible
Female,MBC,188000,83.7,No,Tirunelveli,Private,Medical,Not Eligible
Female,MBC,172000,71.5,No,Tirunelveli,Government Aided,Arts & Science,Eligible
Male,SC,188000,73.2,No,Tirunelveli,Private,Engineering,Eligible
Male,BC,300000,75.7,No,Erode,Private,Arts & Science,Not Eligible
Male,BC,164000,86.2,No,Vellore,Government,Engineering,Eligible
Male,BC,170000,64.8,No,Salem,Private,Commerce,Eligible
Male,BC,215000,61.5,Yes,Kanchipuram,Government Aided,Arts & Science,Eligible
Female,MBC,124000,95.9,No,Madurai,Private,Engineering,Eligible
Male,BC,110000,63.8,No,Thanjavur,Government,Engineering,Eligible
Male,BC,134000,66.7,Yes,Tiruchirappalli,Government,Engineering,Eligible
Female,BC,101000,73.7,Yes,Chennai,Private,Engineering,Eligible
Female,MBC,145000,75.5,No,Madurai,Government Aided,Arts & Science,Eligible
Female,ST,45000,71.7,Yes,Kanchipuram,Government Aided,Engineering,Eligible
Male,SC,54000,63.4,No,Kanchipuram,Private,Arts & Science,Eligible
Male,MBC,106000,79.3,No,Coimbatore,Private,Arts & Science,Eligible
Male,BC,158000,73.8,No,Salem,Private,Arts & Science,Eligible
Female,MBC,200000,78.8,Yes,Salem,Government,Arts & Science,Eligible
Male,SC,351000,78.8,No,Coimbatore,Private,Arts & Science,Not Eligible
Male,SC,301000,67.1,Yes,Salem,Government Aided,Arts & Science,Not Eligible
Female,MBC,277000,68.1,No,Chennai,Government Aided,Engineering,Not Eligible
Female,MBC,275000,74.6,No,Tirunelveli,Government,Management,Not Eligible
Male,SC,75000,63.5,No,Vellore,Government,Commerce,Eligible
Female,MBC,132000,67.2,No,Thanjavur,Government Aided,Engineering,Eligible
Male,BC,93000,64.2,Yes,Tirunelveli,Private,Engineering,Eligible
Female,MBC,94000,51.4,No,Chennai,Private,Medical,Not Eligible
Male,SC,170000,66.0,No,Chennai,Private,Management,Eligible
Male,SC,145000,95.7,Yes,Coimbatore,Government,Arts & Science,Eligible
Female,MBC,142000,49.1,Yes,Vellore,Government Aided,Arts & Science,Not Eligible
Male,BC,116000,48.1,Yes,Chennai,Private,Commerce,Not Eligible
Male,MBC,55000,99.0,No,Salem,Government,Arts & Science,Eligible
Female,MBC,404000,59.2,No,Erode,Government,Engineering,Not Eligible
Female,BC,119000,78.4,No,Madurai,Government,Engineering,Not Eligible
Male,MBC,75000,62.1,Yes,Erode,Government Aided,Engineering,Eligible
Female,BC,143000,85.3,No,Tiruchirappalli,Government,Engineering,Eligible
Male,SC,50000,58.4,Yes,Vellore,Private,Arts & Science,Eligible
Female,MBC,306000,52.2,Yes,Kanchipuram,Private,Arts & Science,Eligible
Male,BC,84000,57.2,No,Kanchipuram,Government,Commerce,Eligible
Male,SC,75000,56.2,No,Madurai,Government,Engineering,Eligible
Male,BC,118000,84.5,Yes,Vellore,Government Aided,Arts & Science,Eligible
Female,OC,128000,67.6,No,Coimbatore,Government,Commerce,Not Eligible
Female,BC,103000,65.6,Yes,Chennai,Government Aided,Management,Eligible
Male,BC,221000,82.9,No,Erode,Government Aided,Management,Not Eligible
Male,BC,47000,84.2,Yes,Salem,Government,Commerce,Eligible
Female,SC,206000,89.2,No,Erode,Government Aided,Engineering,Eligible
Male,ST,260000,74.0,No,Tirunelveli,Government,Engineering,Not Eligible
Male,SC,152000,77.9,No,Coimbatore,Government Aided,Arts & Science,Not Eligible
Male,SC,93000,48.0,No,Tiruchirappalli,Government,Engineering,Not Eligible
Male,BC,112000,73.7,No,Thanjavur,Government Aided,Medical,Eligible
Male,SC,95000,48.0,No,Kanchipuram,Private,Commerce,Not Eligible
Male,MBC,94000,68.9,Yes,Vellore,Government Aided,Engineering,Eligible
Male,SC,126000,58.8,No,Thanjavur,Private,Medical,Eligible
Male,MBC,327000,48.0,No,Chennai,Government,Commerce,Not Eligible
Male,MBC,93000,76.0,Yes,Vellore,Private,Commerce,Eligible
Male,MBC,77000,71.7,No,Tiruchirappalli,Private,Commerce,Eligible
Male,BC,117000,79.4,No,Coimbatore,Government,Arts & Science,Eligible
Male,SC,185000,57.8,No,Kanchipuram,Private,Engineering,Eligible
Female,SC,479000,61.9,Yes,Erode,Private,Engineering,Not Eligible
Female,BC,155000,67.9,Yes,Coimbatore,Private,Engineering,Eligible
Male,BC,54000,74.1,No,Thanjavur,Government,Arts & Science,Eligible
Male,SC,66000,58.8,No,Tirunelveli,Private,Engineering,Eligible
Female,BC,86000,54.9,No,Madurai,Government,Arts & Science,Not Eligible
Female,OC,69000,95.0,No,Madurai,Government,Arts & Science,Eligible
Male,SC,206000,96.4,No,Chennai,Government Aided,Commerce,Eligible
Male,SC,254000,82.7,Yes,Kanchipuram,Government,Engineering,Not Eligible
Male,BC,228000,51.9,No,Chennai,Government,Commerce,Not Eligible
Male,BC,242000,73.3,Yes,Tiruchirappalli,Government Aided,Medical,Not Eligible
Male,BC,111000,92.0,No,Salem,Government,Engineering,Eligible
Male,SC,139000,48.7,No,Tirunelveli,Government Aided,Arts & Science,Not Eligible
Male,BC,158000,58.5,No,Salem,Government Aided,Engineering,Eligible
Female,BC,94000,68.0,No,Chennai,Government,Arts & Science,Eligible
Female,BC,104000,72.8,No,Chennai,Government,Engineering,Eligible
Male,MBC,103000,71.1,Yes,Salem,Government Aided,Arts & Science,Eligible
Male,OC,93000,85.9,No,Coimbatore,Government Aided,Engineering,Eligible
Male,SC,165000,55.0,Yes,Chennai,Government Aided,Engineering,Eligible
Female,MBC,229000,62.8,Yes,Vellore,Private,Commerce,Not Eligible
Female,BC,250000,76.7,Yes,Vellore,Government Aided,Engineering,Not Eligible
Male,MBC,164000,64.5,No,Salem,Government Aided,Arts & Science,Eligible
Male,MBC,275000,82.9,No,Salem,Government Aided,Arts & Science,Not Eligible
Male,MBC,210000,83.6,No,Tiruchirappalli,Government Aided,Arts & Science,Not Eligible
Female,MBC,112000,90.8,Yes,Tiruchirappalli,Private,Arts & Science,Eligible
Male,SC,613000,70.1,No,Tirunelveli,Government Aided,Commerce,Not Eligible
Male,BC,139000,67.3,No,Tirunelveli,Government,Engineering,Eligible
Male,MBC,123000,57.9,No,Tirunelveli,Government Aided,Arts & Science,Eligible
Female,BC,158000,57.3,Yes,Chennai,Private,Commerce,Eligible
Female,OC,222000,55.3,No,Tirunelveli,Private,Arts & Science,Not Eligible
Female,ST,64000,79.0,Yes,Vellore,Government Aided,Management,Eligible
Male,MBC,122000,53.3,No,Vellore,Government,Engineering,Not Eligible
Male,MBC,101000,66.7,No,Erode,Government Aided,Engineering,Eligible
Female,BC,259000,71.3,Yes,Salem,Government Aided,Arts & Science,Not Eligible
Female,BC,130000,61.1,Yes,Madurai,Government Aided,Management,Eligible
Female,MBC,127000,67.1,No,Vellore,Government,Arts & Science,Eligible
Female,BC,98000,52.1,Yes,Chennai,Government Aided,Arts & Science,Not Eligible
Female,SC,88000,64.9,No,Madurai,Government,Engineering,Eligible
Female,MBC,210000,54.7,No,Chennai,Government,Arts & Science,Not Eligible
Male,MBC,204000,72.4,No,Coimbatore,Private,Commerce,Not Eligible
Female,BC,149000,52.1,No,Coimbatore,Government,Commerce,Not Eligible
Male,BC,138000,75.8,Yes,Vellore,Private,Engineering,Not Eligible
Male,OC,78000,85.9,Yes,Thanjavur,Private,Management,Eligible
Female,OC,73000,80.0,No,Kanchipuram,Government,Arts & Science,Eligible
Male,SC,138000,57.8,Yes,Madurai,Government Aided,Arts & Science,Eligible
Female,SC,87000,57.8,Yes,Erode,Government,Arts & Science,Eligible
Male,BC,229000,56.0,No,Coimbatore,Government,Engineering,Not Eligible
Female,MBC,87000,53.4,Yes,Coimbatore,Government,Engineering,Not Eligible
Female,MBC,239000,64.5,No,Tirunelveli,Private,Engineering,Not Eligible
Male,MBC,457000,55.9,Yes,Chennai,Government Aided,Management,Not Eligible
Female,MBC,165000,72.1,No,Thanjavur,Private,Arts & Science,Eligible
Male,MBC,180000,61.0,No,Madurai,Private,Management,Eligible
Female,OC,393000,65.0,No,Kanchipuram,Government Aided,Arts & Science,Not Eligible
Female,ST,121000,59.5,No,Thanjavur,Private,Engineering,Eligible
Female,BC,177000,75.1,Yes,Coimbatore,Government Aided,Arts & Science,Eligible
Female,MBC,122000,59.0,Yes,Salem,Government Aided,Engineering,Eligible
Male,BC,236000,86.0,Yes,Coimbatore,Government Aided,Medical,Not Eligible
Female,SC,90000,62.6,No,Tirunelveli,Government,Arts & Science,Eligible
Male,SC,115000,63.4,No,Chennai,Private,Arts & Science,Eligible
Female,BC,150000,63.3,No,Tirunelveli,Government Aided,Arts & Science,Eligible
Male,MBC,93000,74.3,Yes,Tiruchirappalli,Government Aided,Arts & Science,Eligible
Female,SC,120000,67.4,No,Tirunelveli,Government,Arts & Science,Eligible
Female,BC,73000,94.4,Yes,Erode,Government,Commerce,Not Eligible
Female,ST,282000,87.5,Yes,Erode,Government,Management,Not Eligible
Male,MBC,92000,69.2,No,Coimbatore,Government Aided,Management,Eligible
Female,MBC,72000,74.3,Yes,Thanjavur,Government Aided,Engineering,Eligible
Female,MBC,180000,81.7,No,Erode,Government Aided,Commerce,Eligible
Female,BC,220000,80.7,No,Tiruchirappalli,Government,Engineering,Not Eligible
Male,ST,147000,77.1,No,Coimbatore,Government,Commerce,Eligible
Female,MBC,148000,79.1,Yes,Chennai,Government Aided,Commerce,Eligible
Female,BC,211000,64.1,Yes,Thanjavur,Private,Commerce,Not Eligible
Female,BC,219000,66.3,No,Erode,Government,Engineering,Not Eligible
Female,MBC,123000,81.1,No,Salem,Government,Engineering,Eligible
Male,SC,54000,87.1,Yes,Erode,Private,Commerce,Eligible
Male,SC,214000,76.7,No,Kanchipuram,Private,Arts & Science,Eligible
Female,BC,190000,66.5,Yes,Madurai,Private,Commerce,Not Eligible
Female,MBC,164000,88.3,Yes,Madurai,Private,Arts & Science,Eligible
Female,SC,102000,54.0,No,Madurai,Government,Management,Eligible
Female,MBC,88000,78.0,No,Kanchipuram,Government Aided,Engineering,Eligible
Male,SC,408000,92.7,No,Thanjavur,Government Aided,Engineering,Not Eligible
Male,BC,102000,90.5,No,Tiruchirappalli,Government,Engineering,Eligible
Female,MBC,384000,70.4,Yes,Kanchipuram,Government,Arts & Science,Not Eligible
Female,SC,148000,87.4,Yes,Coimbatore,Government,Arts & Science,Eligible
Female,MBC,86000,73.7,No,Tirunelveli,Government,Arts & Science,Eligible
Female,OC,193000,80.4,Yes,Thanjavur,Private,Engineering,Not Eligible
Female,BC,488000,70.2,Yes,Thanjavur,Private,Engineering,Not Eligible
Male,OC,359000,90.8,Yes,Kanchipuram,Private,Engineering,Not Eligible
Male,OC,181000,59.7,Yes,Coimbatore,Private,Engineering,Not Eligible
Male,SC,93000,95.5,Yes,Vellore,Government,Arts & Science,Eligible
Male,MBC,159000,67.4,Yes,Thanjavur,Government Aided,Commerce,Eligible
Female,MBC,99000,77.3,No,Madurai,Government Aided,Arts & Science,Eligible
Female,SC,89000,51.8,Yes,Chennai,Government Aided,Arts & Science,Eligible
Male,SC,144000,78.2,Yes,Madurai,Government,Arts & Science,Eligible
Female,BC,71000,48.0,No,Tiruchirappalli,Private,Management,Not Eligible
Female,BC,215000,52.6,Yes,Tiruchirappalli,Government Aided,Engineering,Not Eligible
Male,SC,85000,65.6,Yes,Tirunelveli,Private,Arts & Science,Eligible
Female,BC,214000,62.6,Yes,Thanjavur,Private,Engineering,Not Eligible
Female,BC,167000,87.6,No,Coimbatore,Private,Engineering,Eligible
Female,BC,91000,77.8,Yes,Thanjavur,Government,Engineering,Eligible
Female,BC,111000,75.3,No,Tiruchirappalli,Private,Arts & Science,Eligible
Female,BC,152000,87.5,No,Tiruchirappalli,Government Aided,Management,Eligible
Female,MBC,117000,70.3,No,Vellore,Government Aided,Engineering,Eligible
Female,MBC,404000,61.7,No,Chennai,Government,Arts & Science,Not Eligible
Female,MBC,129000,67.8,No,Salem,Government Aided,Engineering,Eligible
Female,ST,143000,80.1,No,Tiruchirappalli,Government,Engineering,Eligible
Female,MBC,101000,76.5,Yes,Tirunelveli,Private,Engineering,Eligible
Male,OC,88000,56.5,No,Tiruchirappalli,Government,Engineering,Not Eligible
